Postal District,Postal Sector,Area,General Location,Location type,Location points
16,"46, 47, 48","Bedok, Upper East Coast, Eastwood, Kew Drive", East Coast,OCR,1
17,"49, 50, 81","Loyang, Changi", Changi,OCR,1
18,"51, 52","Tampines, Pasir Ris", Tampines,OCR,1
19,"53, 54, 55, 82","Serangoon Garden, Hougang, Punggol", Hougang,OCR,1
21,"58, 59","Upper Bukit Timah, Clementi Park, Ulu Pandan", Clementi,OCR,1
22,"60, 61, 62, 63, 64",Jurong, Jurong,OCR,1
23,"65, 66, 67, 68","Hillview, Dairy Farm, Bukit Panjang, Choa Chu Kang", Choa Chu Kang,OCR,1
24,"69, 70, 71","Lim Chu Kang, Tengah", Lim Chu Kang,OCR,1
25,"72, 73","Kranji, Woodgrove", Kranji,OCR,1
26,"77, 78","Upper Thomson, Springleaf", Upper Thomson,OCR,1
27,"75, 76","Yishun, Sembawang", Yishun,OCR,1
28,"79, 80",Seletar, Seletar,OCR,1
3,"14,15, 16","Queenstown, Tiong Bahru",Queenstown,RCR,2
4,"09, 10","Telok Blangah, Harbourfront",HarbourFront,RCR,2
5,"11, 12, 13","Pasir Panjang, Hong Leong Garden, Clementi New Town",Pasir Panjang,RCR,2
7,"18, 19","Middle Road, Golden Mile",Rochor,RCR,2
8,"20, 21",Little India,Little India,RCR,2
12,"31, 32, 33","Balestier, Toa Payoh, Serangoon", Toa Payoh,RCR,2
13,"34, 35, 36, 37","Macpherson, Braddell", MacPherson,RCR,2
14,"38, 39, 40, 41","Geylang, Eunos", Eunos,RCR,2
15,"42, 43, 44, 45","Katong, Joo Chiat, Amber Road", Katong,RCR,2
20,"56, 57","Bishan, Ang Mo Kio", Ang Mo Kio,RCR,2
1,"01, 02, 03, 04, 05, 06","Raffles Place, Cecil, Marina, People's Park",Raffles Place,CCR,3
2,"07, 08","Anson, Tanjong Pagar",Tanjong Pagar,CCR,3
6,17,"High Street, Beach Road (part)",Beach Rd,CCR,3
9,"22, 23","Orchard, Cairnhill, River Valley",Orchard,CCR,3
10,"24, 25, 26, 27","Ardmore, Bukit Timah, Holland Road, Tanglin", Tanglin,CCR,3
11,"28, 29, 30","Watten Estate, Novena, Thomson", Thomson,CCR,3
