Postal District,Postal Sector,Area,General Location,Location type,Location points,Property Type,Avg_Transacted Price ($),Avg_Area (SQM),Avg_Unit Price ($ PSM)
1,"01, 02, 03, 04, 05, 06","Raffles Place, Cecil, Marina, People's Park",Raffles Place,CCR,3,Apartment,2508545.44482366,103.996587030717,23599.4562002275
1,"01, 02, 03, 04, 05, 06","Raffles Place, Cecil, Marina, People's Park",Raffles Place,CCR,3,Condominium,3192043.47826087,131.532608695652,23494.902173913
2,"07, 08","Anson, Tanjong Pagar",Tanjong Pagar,CCR,3,Apartment,1898214.64897959,74.9071428571429,24820.8520408163
2,"07, 08","Anson, Tanjong Pagar",Tanjong Pagar,CCR,3,Condominium,1641090.59649123,74.7894736842105,22009.701754386
2,"07, 08","Anson, Tanjong Pagar",Tanjong Pagar,CCR,3,Terrace House,5494800,196.3,30579.5
3,"14,15, 16","Queenstown, Tiong Bahru",Queenstown,RCR,2,Apartment,1766546.61575112,77.4660874439462,22756.4994394619
3,"14,15, 16","Queenstown, Tiong Bahru",Queenstown,RCR,2,Condominium,1827541.0248366,98.8111111111111,19138.7483660131
3,"14,15, 16","Queenstown, Tiong Bahru",Queenstown,RCR,2,Detached House,6423333.33333333,469.616666666667,13689.1666666667
3,"14,15, 16","Queenstown, Tiong Bahru",Queenstown,RCR,2,Semi-Detached House,3880000,231.1,16789
4,"09, 10","Telok Blangah, Harbourfront",HarbourFront,RCR,2,Apartment,1386000,81.1875,17099.375
4,"09, 10","Telok Blangah, Harbourfront",HarbourFront,RCR,2,Condominium,2816801.43039773,156.223721590909,18757.7038352273
4,"09, 10","Telok Blangah, Harbourfront",HarbourFront,RCR,2,Detached House,16910601.8493151,883.845205479452,18808.8082191781
4,"09, 10","Telok Blangah, Harbourfront",HarbourFront,RCR,2,Semi-Detached House,4164475,381.9,11023
4,"09, 10","Telok Blangah, Harbourfront",HarbourFront,RCR,2,Terrace House,5147583.33333333,299.775,17356.1666666667
5,"11, 12, 13","Pasir Panjang, Hong Leong Garden, Clementi New Town",Pasir Panjang,RCR,2,Apartment,1493028.89389474,85.0642105263158,17810.6113684211
5,"11, 12, 13","Pasir Panjang, Hong Leong Garden, Clementi New Town",Pasir Panjang,RCR,2,Condominium,1483123.2458134,109.830741626794,13832.0299043062
5,"11, 12, 13","Pasir Panjang, Hong Leong Garden, Clementi New Town",Pasir Panjang,RCR,2,Detached House,6903905.84615385,610.738461538461,11335.4615384615
5,"11, 12, 13","Pasir Panjang, Hong Leong Garden, Clementi New Town",Pasir Panjang,RCR,2,Semi-Detached House,4835007.74603175,373.792063492063,13727.746031746
5,"11, 12, 13","Pasir Panjang, Hong Leong Garden, Clementi New Town",Pasir Panjang,RCR,2,Terrace House,3201820.31474104,221.692828685259,15124.0996015936
6,17,"High Street, Beach Road (part)",Beach Rd,CCR,3,Apartment,2679016.32075472,82.6923076923077,31647.6211901306
7,"18, 19","Middle Road, Golden Mile",Rochor,RCR,2,Apartment,2177868.66134629,79.6197085357391,26929.0652324774
8,"20, 21",Little India,Little India,RCR,2,Apartment,1443458.87144482,79.9306029579067,18792.7656427759
8,"20, 21",Little India,Little India,RCR,2,Condominium,1583733.80522565,99.3111638954869,16546.7957244656
8,"20, 21",Little India,Little India,RCR,2,Detached House,8500000,613.3,13859
8,"20, 21",Little India,Little India,RCR,2,Semi-Detached House,3950044,281.4,14044.5
8,"20, 21",Little India,Little India,RCR,2,Terrace House,3569058.82352941,185.452941176471,21115.0588235294
9,"22, 23","Orchard, Cairnhill, River Valley",Orchard,CCR,3,Apartment,2395273.87831325,97.0915662650602,25164.5799196787
9,"22, 23","Orchard, Cairnhill, River Valley",Orchard,CCR,3,Condominium,3733180.00819277,133.347951807229,27950.2587951807
9,"22, 23","Orchard, Cairnhill, River Valley",Orchard,CCR,3,Detached House,100000000,1839.5,54363
9,"22, 23","Orchard, Cairnhill, River Valley",Orchard,CCR,3,Terrace House,6097080.28070175,184.742105263158,35107.9473684211
10,"24, 25, 26, 27","Ardmore, Bukit Timah, Holland Road, Tanglin",Tanglin,CCR,3,Apartment,3001377.85611222,107.971543086172,27308.6713426854
10,"24, 25, 26, 27","Ardmore, Bukit Timah, Holland Road, Tanglin",Tanglin,CCR,3,Condominium,3665367.77592646,145.153116920425,24703.9548980178
10,"24, 25, 26, 27","Ardmore, Bukit Timah, Holland Road, Tanglin",Tanglin,CCR,3,Detached House,20542434.7359155,1107.08345070423,18732.8591549296
10,"24, 25, 26, 27","Ardmore, Bukit Timah, Holland Road, Tanglin",Tanglin,CCR,3,Semi-Detached House,6054085.9239905,344.524940617577,18454.7339667458
10,"24, 25, 26, 27","Ardmore, Bukit Timah, Holland Road, Tanglin",Tanglin,CCR,3,Terrace House,4121010.09210526,254.184210526316,17311.5723684211
11,"28, 29, 30","Watten Estate, Novena, Thomson",Thomson,CCR,3,Apartment,1972184.38172043,94.6478494623656,22380.7240143369
11,"28, 29, 30","Watten Estate, Novena, Thomson",Thomson,CCR,3,Condominium,2488440.12784936,142.793855302279,18502.92864222
11,"28, 29, 30","Watten Estate, Novena, Thomson",Thomson,CCR,3,Detached House,14746593.2447917,835.51140625,18609.53125
11,"28, 29, 30","Watten Estate, Novena, Thomson",Thomson,CCR,3,Semi-Detached House,6119634.54474708,378.376147859922,17794.7704280156
11,"28, 29, 30","Watten Estate, Novena, Thomson",Thomson,CCR,3,Terrace House,3967410.18224299,253.928504672897,17230.6214953271
12,"31, 32, 33","Balestier, Toa Payoh, Serangoon",Toa Payoh,RCR,2,Apartment,1362478.42020202,86.5501683501683,16107.6835016835
12,"31, 32, 33","Balestier, Toa Payoh, Serangoon",Toa Payoh,RCR,2,Condominium,1533764.802213,97.5006915629322,16120.8934993084
12,"31, 32, 33","Balestier, Toa Payoh, Serangoon",Toa Payoh,RCR,2,Detached House,936500,369.4,2534.25
12,"31, 32, 33","Balestier, Toa Payoh, Serangoon",Toa Payoh,RCR,2,Semi-Detached House,4168888,362.3,11507
12,"31, 32, 33","Balestier, Toa Payoh, Serangoon",Toa Payoh,RCR,2,Terrace House,2817600,183.7375,17062.225
13,"34, 35, 36, 37","Macpherson, Braddell",MacPherson,RCR,2,Apartment,1576189.73695198,83.4331941544885,19313.9979123173
13,"34, 35, 36, 37","Macpherson, Braddell",MacPherson,RCR,2,Condominium,1324503.739636,75.9524772497472,17751.7962588473
13,"34, 35, 36, 37","Macpherson, Braddell",MacPherson,RCR,2,Detached House,6820904.78350515,580.522680412371,11707.2886597938
13,"34, 35, 36, 37","Macpherson, Braddell",MacPherson,RCR,2,Semi-Detached House,4277605.09183673,339.484693877551,13104
13,"34, 35, 36, 37","Macpherson, Braddell",MacPherson,RCR,2,Terrace House,2691591.27687296,171.376188925082,16777.8013029316
14,"38, 39, 40, 41","Geylang, Eunos",Eunos,RCR,2,Apartment,1203186.96454868,74.5554949550041,16708.562857922
14,"38, 39, 40, 41","Geylang, Eunos",Eunos,RCR,2,Condominium,1336090.35428123,89.745483110762,15476.1091908877
14,"38, 39, 40, 41","Geylang, Eunos",Eunos,RCR,2,Detached House,6217513.51351351,534.356756756757,12121.2162162162
14,"38, 39, 40, 41","Geylang, Eunos",Eunos,RCR,2,Semi-Detached House,4349180,323.2522,13957.19
14,"38, 39, 40, 41","Geylang, Eunos",Eunos,RCR,2,Terrace House,3169872.26724138,214.962413793104,15457.4784482759
15,"42, 43, 44, 45","Katong, Joo Chiat, Amber Road",Katong,RCR,2,Apartment,1617243.9399689,97.2360808709176,17292.7511664075
15,"42, 43, 44, 45","Katong, Joo Chiat, Amber Road",Katong,RCR,2,Condominium,2357313.58128576,125.038034331875,19365.7280376977
15,"42, 43, 44, 45","Katong, Joo Chiat, Amber Road",Katong,RCR,2,Detached House,9836830.34,651.4445,15250.27
15,"42, 43, 44, 45","Katong, Joo Chiat, Amber Road",Katong,RCR,2,Semi-Detached House,5547288.88957055,330.93027607362,17372.527607362
15,"42, 43, 44, 45","Katong, Joo Chiat, Amber Road",Katong,RCR,2,Terrace House,3378788.19543147,197.129111675127,18250.8769035533
16,"46, 47, 48","Bedok, Upper East Coast, Eastwood, Kew Drive",East Coast,OCR,1,Apartment,1491397.26774194,87.7822580645161,18064.6080645161
16,"46, 47, 48","Bedok, Upper East Coast, Eastwood, Kew Drive",East Coast,OCR,1,Condominium,1329700.35419327,107.513409961686,12837.9851000426
16,"46, 47, 48","Bedok, Upper East Coast, Eastwood, Kew Drive",East Coast,OCR,1,Detached House,6182850,557.0125,11339.95
16,"46, 47, 48","Bedok, Upper East Coast, Eastwood, Kew Drive",East Coast,OCR,1,Semi-Detached House,3795833.315625,338.89075,11373.175
16,"46, 47, 48","Bedok, Upper East Coast, Eastwood, Kew Drive",East Coast,OCR,1,Terrace House,2559477.14342629,219.872310756972,12333.5916334661
17,"49, 50, 81","Loyang, Changi",Changi,OCR,1,Apartment,1362626.69436202,86.9643916913947,16063.8753709199
17,"49, 50, 81","Loyang, Changi",Changi,OCR,1,Condominium,1015104.68094351,95.9807572936065,11136.8472998138
17,"49, 50, 81","Loyang, Changi",Changi,OCR,1,Detached House,4740297.87234043,590.725531914894,8146.63829787234
17,"49, 50, 81","Loyang, Changi",Changi,OCR,1,Semi-Detached House,3420456.4,341.215384615385,10484.8923076923
17,"49, 50, 81","Loyang, Changi",Changi,OCR,1,Terrace House,1995835.78109453,180.733830845771,11209.7711442786
18,"51, 52","Tampines, Pasir Ris",Tampines,OCR,1,Apartment,1397166.825054,80.2721382289417,17589.8056155508
18,"51, 52","Tampines, Pasir Ris",Tampines,OCR,1,Condominium,1116214.90249476,90.8592649019234,12829.5515139973
18,"51, 52","Tampines, Pasir Ris",Tampines,OCR,1,Detached House,4651600,530.98,8837.2
18,"51, 52","Tampines, Pasir Ris",Tampines,OCR,1,Executive Condominium,1231244.54231499,105.457305502846,11826.9787476281
18,"51, 52","Tampines, Pasir Ris",Tampines,OCR,1,Semi-Detached House,3060880.30769231,294.361538461538,10210.1538461538
18,"51, 52","Tampines, Pasir Ris",Tampines,OCR,1,Terrace House,2158786.24390244,213.213414634146,10712.7195121951
19,"53, 54, 55, 82","Serangoon Garden, Hougang, Punggol",Hougang,OCR,1,Apartment,1151215.27602171,77.1305874840358,15333.1891762452
19,"53, 54, 55, 82","Serangoon Garden, Hougang, Punggol",Hougang,OCR,1,Condominium,1299823.73223422,97.759806708357,13870.7615122229
19,"53, 54, 55, 82","Serangoon Garden, Hougang, Punggol",Hougang,OCR,1,Detached House,6395089.48091603,562.582442748091,11841.0381679389
19,"53, 54, 55, 82","Serangoon Garden, Hougang, Punggol",Hougang,OCR,1,Executive Condominium,1164775.73609286,103.756898817346,11307.5860709593
19,"53, 54, 55, 82","Serangoon Garden, Hougang, Punggol",Hougang,OCR,1,Semi-Detached House,4060086.6916996,337.248339920949,12814.8517786561
19,"53, 54, 55, 82","Serangoon Garden, Hougang, Punggol",Hougang,OCR,1,Terrace House,2981362.40919905,219.593846153846,14409.2513877875
20,"56, 57","Bishan, Ang Mo Kio",Ang Mo Kio,RCR,2,Apartment,1672452.99565847,88.3531114327062,19615.2648335745
20,"56, 57","Bishan, Ang Mo Kio",Ang Mo Kio,RCR,2,Condominium,1630793.74231177,102.152173913043,16445.7613997879
20,"56, 57","Bishan, Ang Mo Kio",Ang Mo Kio,RCR,2,Detached House,8885591.56756757,725.772972972973,12705.7297297297
20,"56, 57","Bishan, Ang Mo Kio",Ang Mo Kio,RCR,2,Executive Condominium,1494458.55045872,131.97247706422,11464.6422018349
20,"56, 57","Bishan, Ang Mo Kio",Ang Mo Kio,RCR,2,Semi-Detached House,4306210.80851064,302.355106382979,14719.5159574468
20,"56, 57","Bishan, Ang Mo Kio",Ang Mo Kio,RCR,2,Terrace House,2957649.88888889,199.51130952381,16108.6666666667
21,"58, 59","Upper Bukit Timah, Clementi Park, Ulu Pandan",Clementi,OCR,1,Apartment,1459093.06888889,84.0733333333333,18117.4077777778
21,"58, 59","Upper Bukit Timah, Clementi Park, Ulu Pandan",Clementi,OCR,1,Condominium,1772025.83348254,109.858102059087,16870.9077887198
21,"58, 59","Upper Bukit Timah, Clementi Park, Ulu Pandan",Clementi,OCR,1,Detached House,12977827.7777778,935.78,14133.1666666667
21,"58, 59","Upper Bukit Timah, Clementi Park, Ulu Pandan",Clementi,OCR,1,Semi-Detached House,5133933.24822695,333.37475177305,15918.4042553191
21,"58, 59","Upper Bukit Timah, Clementi Park, Ulu Pandan",Clementi,OCR,1,Terrace House,3437550.80176211,253.918942731278,15057.577092511
22,"60, 61, 62, 63, 64",Jurong,Jurong,OCR,1,Apartment,1374043.7826087,127.626086956522,11421.0434782609
22,"60, 61, 62, 63, 64",Jurong,Jurong,OCR,1,Condominium,1251204.61165049,101.450485436893,13084.8796116505
22,"60, 61, 62, 63, 64",Jurong,Jurong,OCR,1,Detached House,6000000,613.6,9778
22,"60, 61, 62, 63, 64",Jurong,Jurong,OCR,1,Executive Condominium,1074952.03342618,116.877437325905,9459.66295264624
22,"60, 61, 62, 63, 64",Jurong,Jurong,OCR,1,Semi-Detached House,1871588.44444444,234.262962962963,8340.92592592593
22,"60, 61, 62, 63, 64",Jurong,Jurong,OCR,1,Terrace House,1884753.52601156,218.068786127168,9189.94219653179
23,"65, 66, 67, 68","Hillview, Dairy Farm, Bukit Panjang, Choa Chu Kang",Choa Chu Kang,OCR,1,Apartment,1151287.09688581,83.9868512110727,14337.9626297578
23,"65, 66, 67, 68","Hillview, Dairy Farm, Bukit Panjang, Choa Chu Kang",Choa Chu Kang,OCR,1,Condominium,1257366.10991207,101.278177458034,13036.7030375699
23,"65, 66, 67, 68","Hillview, Dairy Farm, Bukit Panjang, Choa Chu Kang",Choa Chu Kang,OCR,1,Detached House,7097681.95744681,711.410638297872,9456.12765957447
23,"65, 66, 67, 68","Hillview, Dairy Farm, Bukit Panjang, Choa Chu Kang",Choa Chu Kang,OCR,1,Executive Condominium,1030281.1888361,113.412114014252,9329.6674584323
23,"65, 66, 67, 68","Hillview, Dairy Farm, Bukit Panjang, Choa Chu Kang",Choa Chu Kang,OCR,1,Semi-Detached House,3042460.53472222,287.504166666667,11055.5416666667
23,"65, 66, 67, 68","Hillview, Dairy Farm, Bukit Panjang, Choa Chu Kang",Choa Chu Kang,OCR,1,Terrace House,2705209.5,200.716158536585,13761.368902439
24,"69, 70, 71","Lim Chu Kang, Tengah",Lim Chu Kang,OCR,1,Executive Condominium,1461660.40688576,101.820031298905,14376.2456964006
25,"72, 73","Kranji, Woodgrove",Kranji,OCR,1,Apartment,715929.411764706,84.7058823529412,8468.88235294118
25,"72, 73","Kranji, Woodgrove",Kranji,OCR,1,Condominium,853633.513238289,93.2321792260692,10119.6374745418
25,"72, 73","Kranji, Woodgrove",Kranji,OCR,1,Detached House,3824811.76470588,671.411764705882,5993.76470588235
25,"72, 73","Kranji, Woodgrove",Kranji,OCR,1,Executive Condominium,998110.556313993,112.693970420933,9000.71217292378
25,"72, 73","Kranji, Woodgrove",Kranji,OCR,1,Semi-Detached House,3068593.75,372.378125,8441.0625
25,"72, 73","Kranji, Woodgrove",Kranji,OCR,1,Terrace House,2012438.98412698,201.32380952381,10395.6984126984
26,"77, 78","Upper Thomson, Springleaf",Upper Thomson,OCR,1,Apartment,1698608.24247227,80.9366085578447,21308.7543581616
26,"77, 78","Upper Thomson, Springleaf",Upper Thomson,OCR,1,Condominium,1333361.66230366,118.096858638743,11336.1413612565
26,"77, 78","Upper Thomson, Springleaf",Upper Thomson,OCR,1,Detached House,6102000,492.86,12541.8
26,"77, 78","Upper Thomson, Springleaf",Upper Thomson,OCR,1,Semi-Detached House,3534793.75968992,336.313178294574,10581.8139534884
26,"77, 78","Upper Thomson, Springleaf",Upper Thomson,OCR,1,Terrace House,3199882.54724409,217.123622047244,15373.437007874
27,"75, 76","Yishun, Sembawang",Yishun,OCR,1,Apartment,1282604.71903323,85.5906344410876,15251.5317220544
27,"75, 76","Yishun, Sembawang",Yishun,OCR,1,Condominium,1079137.36101337,97.7909922589726,11474.457424349
27,"75, 76","Yishun, Sembawang",Yishun,OCR,1,Detached House,5287894.73684211,519.457894736842,10293.3157894737
27,"75, 76","Yishun, Sembawang",Yishun,OCR,1,Executive Condominium,1135677.45723841,99.910176779742,11460.5379837554
27,"75, 76","Yishun, Sembawang",Yishun,OCR,1,Semi-Detached House,3208267.89583333,286.905208333333,11439.5
27,"75, 76","Yishun, Sembawang",Yishun,OCR,1,Terrace House,2133848.04508197,261.15262295082,8992.31967213115
28,"79, 80",Seletar,Seletar,OCR,1,Apartment,1005276.15531335,73.5994550408719,13812.0844686649
28,"79, 80",Seletar,Seletar,OCR,1,Condominium,1114128.95996276,90.487895716946,12853.4515828678
28,"79, 80",Seletar,Seletar,OCR,1,Detached House,6629604.16666667,590.85625,11579.9583333333
28,"79, 80",Seletar,Seletar,OCR,1,Executive Condominium,1274825.70863309,101.567146282974,12576.5887290168
28,"79, 80",Seletar,Seletar,OCR,1,Semi-Detached House,4093923.75718016,345.502872062663,12073.955613577
28,"79, 80",Seletar,Seletar,OCR,1,Terrace House,2893528.57457847,221.862386511025,14370.2386511025
