School,Postal District,Postal Code,Level,School Type,Postal Code By District,Postal Sector,Area,General Location,Location type,Location points
UNITED WORLD COLLEGE OF SOUTH EAST ASIA (UWCSEA) (TAMPINES),18,528704,SECONDARY,International,52,52,"Tampines, Pasir Ris",Tampines,OCR,1
DOVER COURT INTERNATIONAL SCHOOL (DCIS),5,139644,SECONDARY,International,13,13,"Pasir Panjang, Hong Leong Garden, Clementi New Town",Pasir Panjang,RCR,2
TANGLIN TRUST SCHOOL (TTS),5,139299,SECONDARY,International,13,13,"Pasir Panjang, Hong Leong Garden, Clementi New Town",Pasir Panjang,RCR,2
UNITED WORLD COLLEGE OF SOUTH EAST ASIA (UWCSEA) (DOVER),5,139654,SECONDARY,International,13,13,"Pasir Panjang, Hong Leong Garden, Clementi New Town",Pasir Panjang,RCR,2
GLOBAL INDIAN INTERNATIONAL SCHOOL SINGAPORE (GIIS),19,828649,SECONDARY,International,82,82,"Serangoon Garden, Hougang, Punggol",Hougang,OCR,1
SJI INTERNATIONAL SCHOOL (SJII),11,298191,SECONDARY,International,29,29,"Watten Estate, Novena, Thomson",Thomson,CCR,3
GEMS WORLD ACADEMY (SINGAPORE),27,768039,SECONDARY,International,76,76,"Yishun, Sembawang",Yishun,OCR,1
SINGAPORE AMERICAN SCHOOL (SAS),25,738547,SECONDARY,International,73,73,"Kranji, Woodgrove",Kranji,OCR,1
AUSTRALIAN INTERNATIONAL SCHOOL SINGAPORE (AISS),19,556818,SECONDARY,International,55,55,"Serangoon Garden, Hougang, Punggol",Hougang,OCR,1
HILLSIDE WORLD ACADEMY,1,39594,SECONDARY,International,39,39,"Geylang, Eunos",Eunos,RCR,2
OVERSEAS FAMILY SCHOOL (OFS),18,519292,SECONDARY,International,51,51,"Tampines, Pasir Ris",Tampines,OCR,1
GERMAN EUROPEAN SCHOOL SINGAPORE (GESS),23,677621,SECONDARY,International,67,67,"Hillview, Dairy Farm, Bukit Panjang, Choa Chu Kang",Choa Chu Kang,OCR,1
FRENCH SCHOOL OF SINGAPORE (LYC�E FRAN�AIS DE SINGAPOUR) (LFS),20,569928,SECONDARY,International,56,56,"Bishan, Ang Mo Kio",Ang Mo Kio,RCR,2
KNIGHTSBRIDGE HOUSE INTERNATIONAL SCHOOL,3,150167,SECONDARY,International,15,15,"Queenstown, Tiong Bahru",Queenstown,RCR,2
ISS INTERNATIONAL SCHOOL,4,109355,SECONDARY,International,10,10,"Telok Blangah, Harbourfront",HarbourFront,RCR,2
NORTH LONDON COLLEGIATE SCHOOL (NLCS),4,109708,SECONDARY,International,10,10,"Telok Blangah, Harbourfront",HarbourFront,RCR,2
THE PERSE SCHOOL SINGAPORE,21,588180,SECONDARY,International,58,58,"Upper Bukit Timah, Clementi Park, Ulu Pandan",Clementi,OCR,1
STAMFORD AMERICAN INTERNATIONAL SCHOOL,13,357684,SECONDARY,International,35,35,"Macpherson, Braddell",MacPherson,RCR,2
INTERNATIONAL COMMUNITY SCHOOL (ICS),5,128575,SECONDARY,International,12,12,"Pasir Panjang, Hong Leong Garden, Clementi New Town",Pasir Panjang,RCR,2
THE JAPANESE SCHOOL SINGAPORE (SJS),5,129782,SECONDARY,International,12,12,"Pasir Panjang, Hong Leong Garden, Clementi New Town",Pasir Panjang,RCR,2
WASEDA SHIBUYA SENIOR HIGH SCHOOL IN SINGAPORE,5,127366,SECONDARY,International,12,12,"Pasir Panjang, Hong Leong Garden, Clementi New Town",Pasir Panjang,RCR,2
NEXUS INTERNATIONAL SCHOOL SINGAPORE (NISS),14,387293,SECONDARY,International,38,38,"Geylang, Eunos",Eunos,RCR,2
ASTOR INTERNATIONAL SCHOOL,10,248922,PRIMARY,International,24,24,"Ardmore, Bukit Timah, Holland Road, Tanglin",Tanglin,CCR,3
ETONHOUSE INTERNATIONAL SCHOOL (ORCHARD),10,247908,SECONDARY,International,24,24,"Ardmore, Bukit Timah, Holland Road, Tanglin",Tanglin,CCR,3
INVICTUS INTERNATIONAL SCHOOL,10,248843,SECONDARY,International,24,24,"Ardmore, Bukit Timah, Holland Road, Tanglin",Tanglin,CCR,3
CANADIAN INTERNATIONAL SCHOOL (SINGAPORE) (CISS),15,437128,SECONDARY,International,43,43,"Katong, Joo Chiat, Amber Road",Katong,RCR,2
ANGLO-CHINESE SCHOOL (INTERNATIONAL) SINGAPORE,10,278475,SECONDARY,International,27,27,"Ardmore, Bukit Timah, Holland Road, Tanglin",Tanglin,CCR,3
CHATSWORTH INTERNATIONAL SCHOOL,11,289760,SECONDARY,International,28,28,"Watten Estate, Novena, Thomson",Thomson,CCR,3
SINGAPORE KOREAN INTERNATIONAL SCHOOL (SKIS),11,289759,SECONDARY,International,28,28,"Watten Estate, Novena, Thomson",Thomson,CCR,3
SWISS SCHOOL IN SINGAPORE (SSIS),11,288140,PRIMARY,International,28,28,"Watten Estate, Novena, Thomson",Thomson,CCR,3
DULWICH COLLEGE SINGAPORE,23,658966,SECONDARY,International,65,65,"Hillview, Dairy Farm, Bukit Panjang, Choa Chu Kang",Choa Chu Kang,OCR,1
HWA CHONG INTERNATIONAL SCHOOL (HCIS),10,269782,SECONDARY,International,26,26,"Ardmore, Bukit Timah, Holland Road, Tanglin",Tanglin,CCR,3
BUKIT PANJANG GOVT. HIGH SCHOOL,23,689809,SECONDARY,Local,,68,"Hillview, Dairy Farm, Bukit Panjang, Choa Chu Kang",Choa Chu Kang,OCR,1
CHUA CHU KANG PRIMARY SCHOOL,23,689905,PRIMARY,Local,,68,"Hillview, Dairy Farm, Bukit Panjang, Choa Chu Kang",Choa Chu Kang,OCR,1
CHUA CHU KANG SECONDARY SCHOOL,23,688845,SECONDARY,Local,,68,"Hillview, Dairy Farm, Bukit Panjang, Choa Chu Kang",Choa Chu Kang,OCR,1
CONCORD PRIMARY SCHOOL,23,689814,PRIMARY,Local,,68,"Hillview, Dairy Farm, Bukit Panjang, Choa Chu Kang",Choa Chu Kang,OCR,1
DE LA SALLE SCHOOL,23,689285,PRIMARY,Local,,68,"Hillview, Dairy Farm, Bukit Panjang, Choa Chu Kang",Choa Chu Kang,OCR,1
JURONG PIONEER JUNIOR COLLEGE,23,688258,JUNIOR COLLEGE,Local,,68,"Hillview, Dairy Farm, Bukit Panjang, Choa Chu Kang",Choa Chu Kang,OCR,1
KRANJI PRIMARY SCHOOL,23,689189,PRIMARY,Local,,68,"Hillview, Dairy Farm, Bukit Panjang, Choa Chu Kang",Choa Chu Kang,OCR,1
KRANJI SECONDARY SCHOOL,23,689333,SECONDARY,Local,,68,"Hillview, Dairy Farm, Bukit Panjang, Choa Chu Kang",Choa Chu Kang,OCR,1
REGENT SECONDARY SCHOOL,23,689621,SECONDARY,Local,,68,"Hillview, Dairy Farm, Bukit Panjang, Choa Chu Kang",Choa Chu Kang,OCR,1
SOUTH VIEW PRIMARY SCHOOL,23,689762,PRIMARY,Local,,68,"Hillview, Dairy Farm, Bukit Panjang, Choa Chu Kang",Choa Chu Kang,OCR,1
TECK WHYE PRIMARY SCHOOL,23,688261,PRIMARY,Local,,68,"Hillview, Dairy Farm, Bukit Panjang, Choa Chu Kang",Choa Chu Kang,OCR,1
TECK WHYE SECONDARY SCHOOL,23,688848,SECONDARY,Local,,68,"Hillview, Dairy Farm, Bukit Panjang, Choa Chu Kang",Choa Chu Kang,OCR,1
UNITY PRIMARY SCHOOL,23,688268,PRIMARY,Local,,68,"Hillview, Dairy Farm, Bukit Panjang, Choa Chu Kang",Choa Chu Kang,OCR,1
UNITY SECONDARY SCHOOL,23,689143,SECONDARY,Local,,68,"Hillview, Dairy Farm, Bukit Panjang, Choa Chu Kang",Choa Chu Kang,OCR,1
YEW TEE PRIMARY SCHOOL,23,689100,PRIMARY,Local,,68,"Hillview, Dairy Farm, Bukit Panjang, Choa Chu Kang",Choa Chu Kang,OCR,1
FARRER PARK PRIMARY SCHOOL,8,217567,PRIMARY,Local,,21,Little India,Little India,RCR,2
AI TONG SCHOOL,20,579646,PRIMARY,Local,,57,"Bishan, Ang Mo Kio",Ang Mo Kio,RCR,2
CATHOLIC HIGH SCHOOL,20,579767,MIXED LEVELS,Local,,57,"Bishan, Ang Mo Kio",Ang Mo Kio,RCR,2
EUNOIA JUNIOR COLLEGE,20,573838,JUNIOR COLLEGE,Local,,57,"Bishan, Ang Mo Kio",Ang Mo Kio,RCR,2
GUANGYANG PRIMARY SCHOOL,20,579806,PRIMARY,Local,,57,"Bishan, Ang Mo Kio",Ang Mo Kio,RCR,2
GUANGYANG SECONDARY SCHOOL,20,579807,SECONDARY,Local,,57,"Bishan, Ang Mo Kio",Ang Mo Kio,RCR,2
KUO CHUAN PRESBYTERIAN PRIMARY SCHOOL,20,579793,PRIMARY,Local,,57,"Bishan, Ang Mo Kio",Ang Mo Kio,RCR,2
KUO CHUAN PRESBYTERIAN SECONDARY SCHOOL,20,579795,SECONDARY,Local,,57,"Bishan, Ang Mo Kio",Ang Mo Kio,RCR,2
PEIRCE SECONDARY SCHOOL,20,575566,SECONDARY,Local,,57,"Bishan, Ang Mo Kio",Ang Mo Kio,RCR,2
RAFFLES INSTITUTION,20,575954,MIXED LEVELS,Local,,57,"Bishan, Ang Mo Kio",Ang Mo Kio,RCR,2
WHITLEY SECONDARY SCHOOL,20,579747,SECONDARY,Local,,57,"Bishan, Ang Mo Kio",Ang Mo Kio,RCR,2
ANGSANA PRIMARY SCHOOL,18,529366,PRIMARY,Local,,52,"Tampines, Pasir Ris",Tampines,OCR,1
CHANGKAT CHANGI SECONDARY SCHOOL,18,529894,SECONDARY,Local,,52,"Tampines, Pasir Ris",Tampines,OCR,1
CHANGKAT PRIMARY SCHOOL,18,529896,PRIMARY,Local,,52,"Tampines, Pasir Ris",Tampines,OCR,1
CHONGZHENG PRIMARY SCHOOL,18,529392,PRIMARY,Local,,52,"Tampines, Pasir Ris",Tampines,OCR,1
DUNMAN SECONDARY SCHOOL,18,529093,SECONDARY,Local,,52,"Tampines, Pasir Ris",Tampines,OCR,1
EAST SPRING PRIMARY SCHOOL,18,529258,PRIMARY,Local,,52,"Tampines, Pasir Ris",Tampines,OCR,1
EAST SPRING SECONDARY SCHOOL,18,529231,SECONDARY,Local,,52,"Tampines, Pasir Ris",Tampines,OCR,1
GONGSHANG PRIMARY SCHOOL,18,529176,PRIMARY,Local,,52,"Tampines, Pasir Ris",Tampines,OCR,1
JUNYUAN PRIMARY SCHOOL,18,528906,PRIMARY,Local,,52,"Tampines, Pasir Ris",Tampines,OCR,1
JUNYUAN SECONDARY SCHOOL,18,528933,SECONDARY,Local,,52,"Tampines, Pasir Ris",Tampines,OCR,1
NGEE ANN SECONDARY SCHOOL,18,529283,SECONDARY,Local,,52,"Tampines, Pasir Ris",Tampines,OCR,1
PASIR RIS SECONDARY SCHOOL,18,529400,SECONDARY,Local,,52,"Tampines, Pasir Ris",Tampines,OCR,1
POI CHING SCHOOL,18,529067,PRIMARY,Local,,52,"Tampines, Pasir Ris",Tampines,OCR,1
SPRINGFIELD SECONDARY SCHOOL,18,529593,SECONDARY,Local,,52,"Tampines, Pasir Ris",Tampines,OCR,1
ST. HILDA'S PRIMARY SCHOOL,18,529706,PRIMARY,Local,,52,"Tampines, Pasir Ris",Tampines,OCR,1
ST. HILDA'S SECONDARY SCHOOL,18,528986,SECONDARY,Local,,52,"Tampines, Pasir Ris",Tampines,OCR,1
TAMPINES NORTH PRIMARY SCHOOL,18,529565,PRIMARY,Local,,52,"Tampines, Pasir Ris",Tampines,OCR,1
TAMPINES PRIMARY SCHOOL,18,529426,PRIMARY,Local,,52,"Tampines, Pasir Ris",Tampines,OCR,1
TAMPINES SECONDARY SCHOOL,18,529427,SECONDARY,Local,,52,"Tampines, Pasir Ris",Tampines,OCR,1
YUMIN PRIMARY SCHOOL,18,529393,PRIMARY,Local,,52,"Tampines, Pasir Ris",Tampines,OCR,1
RIVER VALLEY PRIMARY SCHOOL,9,237993,PRIMARY,Local,,23,"Orchard, Cairnhill, River Valley",Orchard,CCR,3
ANGLO-CHINESE JUNIOR COLLEGE,5,139745,JUNIOR COLLEGE,Local,,13,"Pasir Panjang, Hong Leong Garden, Clementi New Town",Pasir Panjang,RCR,2
ANGLO-CHINESE SCHOOL (INDEPENDENT),5,139650,MIXED LEVELS,Local,,13,"Pasir Panjang, Hong Leong Garden, Clementi New Town",Pasir Panjang,RCR,2
FAIRFIELD METHODIST SCHOOL (PRIMARY),5,139648,PRIMARY,Local,,13,"Pasir Panjang, Hong Leong Garden, Clementi New Town",Pasir Panjang,RCR,2
FAIRFIELD METHODIST SCHOOL (SECONDARY),5,139649,SECONDARY,Local,,13,"Pasir Panjang, Hong Leong Garden, Clementi New Town",Pasir Panjang,RCR,2
NEW TOWN SECONDARY SCHOOL,5,139657,SECONDARY,Local,,13,"Pasir Panjang, Hong Leong Garden, Clementi New Town",Pasir Panjang,RCR,2
"SCHOOL OF SCIENCE AND TECHNOLOGY, SINGAPORE",5,138572,SECONDARY,Local,,13,"Pasir Panjang, Hong Leong Garden, Clementi New Town",Pasir Panjang,RCR,2
EDGEFIELD PRIMARY SCHOOL,19,828869,PRIMARY,Local,,82,"Serangoon Garden, Hougang, Punggol",Hougang,OCR,1
EDGEFIELD SECONDARY SCHOOL,19,828814,SECONDARY,Local,,82,"Serangoon Garden, Hougang, Punggol",Hougang,OCR,1
GREENDALE PRIMARY SCHOOL,19,828848,PRIMARY,Local,,82,"Serangoon Garden, Hougang, Punggol",Hougang,OCR,1
GREENDALE SECONDARY SCHOOL,19,828866,SECONDARY,Local,,82,"Serangoon Garden, Hougang, Punggol",Hougang,OCR,1
HORIZON PRIMARY SCHOOL,19,828819,PRIMARY,Local,,82,"Serangoon Garden, Hougang, Punggol",Hougang,OCR,1
MEE TOH SCHOOL,19,828867,PRIMARY,Local,,82,"Serangoon Garden, Hougang, Punggol",Hougang,OCR,1
NORTHSHORE PRIMARY SCHOOL,19,828671,PRIMARY,Local,,82,"Serangoon Garden, Hougang, Punggol",Hougang,OCR,1
OASIS PRIMARY SCHOOL,19,828716,PRIMARY,Local,,82,"Serangoon Garden, Hougang, Punggol",Hougang,OCR,1
PUNGGOL COVE PRIMARY SCHOOL,19,828674,PRIMARY,Local,,82,"Serangoon Garden, Hougang, Punggol",Hougang,OCR,1
PUNGGOL GREEN PRIMARY SCHOOL,19,828772,PRIMARY,Local,,82,"Serangoon Garden, Hougang, Punggol",Hougang,OCR,1
PUNGGOL SECONDARY SCHOOL,19,828870,SECONDARY,Local,,82,"Serangoon Garden, Hougang, Punggol",Hougang,OCR,1
PUNGGOL VIEW PRIMARY SCHOOL,19,828845,PRIMARY,Local,,82,"Serangoon Garden, Hougang, Punggol",Hougang,OCR,1
VALOUR PRIMARY SCHOOL,19,828728,PRIMARY,Local,,82,"Serangoon Garden, Hougang, Punggol",Hougang,OCR,1
WATERWAY PRIMARY SCHOOL,19,828802,PRIMARY,Local,,82,"Serangoon Garden, Hougang, Punggol",Hougang,OCR,1
CATHOLIC JUNIOR COLLEGE,11,297822,JUNIOR COLLEGE,Local,,29,"Watten Estate, Novena, Thomson",Thomson,CCR,3
MARYMOUNT CONVENT SCHOOL,11,297754,PRIMARY,Local,,29,"Watten Estate, Novena, Thomson",Thomson,CCR,3
ANGLO-CHINESE SCHOOL (BARKER ROAD),11,309919,SECONDARY,Local,,30,"Watten Estate, Novena, Thomson",Thomson,CCR,3
ANGLO-CHINESE SCHOOL (PRIMARY),11,309918,PRIMARY,Local,,30,"Watten Estate, Novena, Thomson",Thomson,CCR,3
SINGAPORE CHINESE GIRLS' PRIMARY SCHOOL,11,309437,PRIMARY,Local,,30,"Watten Estate, Novena, Thomson",Thomson,CCR,3
SINGAPORE CHINESE GIRLS' SCHOOL,11,309437,SECONDARY,Local,,30,"Watten Estate, Novena, Thomson",Thomson,CCR,3
ST. JOSEPH'S INSTITUTION,11,308274,MIXED LEVELS,Local,,30,"Watten Estate, Novena, Thomson",Thomson,CCR,3
ST. JOSEPH'S INSTITUTION JUNIOR,11,309331,PRIMARY,Local,,30,"Watten Estate, Novena, Thomson",Thomson,CCR,3
OPERA ESTATE PRIMARY SCHOOL,15,458436,PRIMARY,Local,,45,"Katong, Joo Chiat, Amber Road",Katong,RCR,2
ST. STEPHEN'S SCHOOL,15,455789,PRIMARY,Local,,45,"Katong, Joo Chiat, Amber Road",Katong,RCR,2
AHMAD IBRAHIM PRIMARY SCHOOL,27,768643,PRIMARY,Local,,76,"Yishun, Sembawang",Yishun,OCR,1
AHMAD IBRAHIM SECONDARY SCHOOL,27,768928,SECONDARY,Local,,76,"Yishun, Sembawang",Yishun,OCR,1
CHONGFU SCHOOL,27,768959,PRIMARY,Local,,76,"Yishun, Sembawang",Yishun,OCR,1
CHUNG CHENG HIGH SCHOOL (YISHUN),27,768547,SECONDARY,Local,,76,"Yishun, Sembawang",Yishun,OCR,1
HUAMIN PRIMARY SCHOOL,27,768857,PRIMARY,Local,,76,"Yishun, Sembawang",Yishun,OCR,1
JIEMIN PRIMARY SCHOOL,27,768515,PRIMARY,Local,,76,"Yishun, Sembawang",Yishun,OCR,1
NAVAL BASE PRIMARY SCHOOL,27,769028,PRIMARY,Local,,76,"Yishun, Sembawang",Yishun,OCR,1
NAVAL BASE SECONDARY SCHOOL,27,768689,SECONDARY,Local,,76,"Yishun, Sembawang",Yishun,OCR,1
NORTH VIEW PRIMARY SCHOOL,27,768960,PRIMARY,Local,,76,"Yishun, Sembawang",Yishun,OCR,1
NORTHBROOKS SECONDARY SCHOOL,27,768692,SECONDARY,Local,,76,"Yishun, Sembawang",Yishun,OCR,1
NORTHLAND PRIMARY SCHOOL,27,769026,PRIMARY,Local,,76,"Yishun, Sembawang",Yishun,OCR,1
NORTHLAND SECONDARY SCHOOL,27,768578,SECONDARY,Local,,76,"Yishun, Sembawang",Yishun,OCR,1
ORCHID PARK SECONDARY SCHOOL,27,768454,SECONDARY,Local,,76,"Yishun, Sembawang",Yishun,OCR,1
PEIYING PRIMARY SCHOOL,27,768687,PRIMARY,Local,,76,"Yishun, Sembawang",Yishun,OCR,1
XISHAN PRIMARY SCHOOL,27,768611,PRIMARY,Local,,76,"Yishun, Sembawang",Yishun,OCR,1
YISHUN INNOVA JUNIOR COLLEGE,27,768675,JUNIOR COLLEGE,Local,,76,"Yishun, Sembawang",Yishun,OCR,1
YISHUN PRIMARY SCHOOL,27,768679,PRIMARY,Local,,76,"Yishun, Sembawang",Yishun,OCR,1
YISHUN SECONDARY SCHOOL,27,768516,SECONDARY,Local,,76,"Yishun, Sembawang",Yishun,OCR,1
YISHUN TOWN SECONDARY SCHOOL,27,768610,SECONDARY,Local,,76,"Yishun, Sembawang",Yishun,OCR,1
BENDEMEER SECONDARY SCHOOL,12,327919,SECONDARY,Local,,32,"Balestier, Toa Payoh, Serangoon",Toa Payoh,RCR,2
HONG WEN SCHOOL,12,327829,PRIMARY,Local,,32,"Balestier, Toa Payoh, Serangoon",Toa Payoh,RCR,2
NORTHLIGHT SCHOOL,12,327830,SECONDARY,Local,,32,"Balestier, Toa Payoh, Serangoon",Toa Payoh,RCR,2
MAHA BODHI SCHOOL,14,408931,PRIMARY,Local,,40,"Geylang, Eunos",Eunos,RCR,2
MANJUSRI SECONDARY SCHOOL,14,408940,SECONDARY,Local,,40,"Geylang, Eunos",Eunos,RCR,2
DAMAI PRIMARY SCHOOL,16,479226,PRIMARY,Local,,47,"Bedok, Upper East Coast, Eastwood, Kew Drive",East Coast,OCR,1
DAMAI SECONDARY SCHOOL,16,479229,SECONDARY,Local,,47,"Bedok, Upper East Coast, Eastwood, Kew Drive",East Coast,OCR,1
TELOK KURAU PRIMARY SCHOOL,16,479239,PRIMARY,Local,,47,"Bedok, Upper East Coast, Eastwood, Kew Drive",East Coast,OCR,1
ADMIRALTY PRIMARY SCHOOL,25,738907,PRIMARY,Local,,73,"Kranji, Woodgrove",Kranji,OCR,1
ADMIRALTY SECONDARY SCHOOL,25,737916,SECONDARY,Local,,73,"Kranji, Woodgrove",Kranji,OCR,1
CHRIST CHURCH SECONDARY SCHOOL,25,737924,SECONDARY,Local,,73,"Kranji, Woodgrove",Kranji,OCR,1
EVERGREEN PRIMARY SCHOOL,25,738908,PRIMARY,Local,,73,"Kranji, Woodgrove",Kranji,OCR,1
EVERGREEN SECONDARY SCHOOL,25,738489,SECONDARY,Local,,73,"Kranji, Woodgrove",Kranji,OCR,1
FUCHUN PRIMARY SCHOOL,25,739063,PRIMARY,Local,,73,"Kranji, Woodgrove",Kranji,OCR,1
FUCHUN SECONDARY SCHOOL,25,739062,SECONDARY,Local,,73,"Kranji, Woodgrove",Kranji,OCR,1
GREENWOOD PRIMARY SCHOOL,25,737942,PRIMARY,Local,,73,"Kranji, Woodgrove",Kranji,OCR,1
INNOVA PRIMARY SCHOOL,25,737888,PRIMARY,Local,,73,"Kranji, Woodgrove",Kranji,OCR,1
MARSILING PRIMARY SCHOOL,25,738927,PRIMARY,Local,,73,"Kranji, Woodgrove",Kranji,OCR,1
MARSILING SECONDARY SCHOOL,25,739110,SECONDARY,Local,,73,"Kranji, Woodgrove",Kranji,OCR,1
QIHUA PRIMARY SCHOOL,25,738525,PRIMARY,Local,,73,"Kranji, Woodgrove",Kranji,OCR,1
RIVERSIDE PRIMARY SCHOOL,25,737803,PRIMARY,Local,,73,"Kranji, Woodgrove",Kranji,OCR,1
RIVERSIDE SECONDARY SCHOOL,25,738524,SECONDARY,Local,,73,"Kranji, Woodgrove",Kranji,OCR,1
SI LING PRIMARY SCHOOL,25,739067,PRIMARY,Local,,73,"Kranji, Woodgrove",Kranji,OCR,1
SINGAPORE SPORTS SCHOOL,25,737913,MIXED LEVELS,Local,,73,"Kranji, Woodgrove",Kranji,OCR,1
SPECTRA SECONDARY SCHOOL,25,737758,SECONDARY,Local,,73,"Kranji, Woodgrove",Kranji,OCR,1
WOODGROVE PRIMARY SCHOOL,25,738079,PRIMARY,Local,,73,"Kranji, Woodgrove",Kranji,OCR,1
WOODGROVE SECONDARY SCHOOL,25,738990,SECONDARY,Local,,73,"Kranji, Woodgrove",Kranji,OCR,1
WOODLANDS PRIMARY SCHOOL,25,738853,PRIMARY,Local,,73,"Kranji, Woodgrove",Kranji,OCR,1
WOODLANDS RING PRIMARY SCHOOL,25,738240,PRIMARY,Local,,73,"Kranji, Woodgrove",Kranji,OCR,1
WOODLANDS RING SECONDARY SCHOOL,25,738239,SECONDARY,Local,,73,"Kranji, Woodgrove",Kranji,OCR,1
WOODLANDS SECONDARY SCHOOL,25,739111,SECONDARY,Local,,73,"Kranji, Woodgrove",Kranji,OCR,1
BEDOK GREEN PRIMARY SCHOOL,16,469317,PRIMARY,Local,,46,"Bedok, Upper East Coast, Eastwood, Kew Drive",East Coast,OCR,1
BEDOK GREEN SECONDARY SCHOOL,16,469722,SECONDARY,Local,,46,"Bedok, Upper East Coast, Eastwood, Kew Drive",East Coast,OCR,1
BEDOK SOUTH SECONDARY SCHOOL,16,468585,SECONDARY,Local,,46,"Bedok, Upper East Coast, Eastwood, Kew Drive",East Coast,OCR,1
BEDOK VIEW SECONDARY SCHOOL,16,469293,SECONDARY,Local,,46,"Bedok, Upper East Coast, Eastwood, Kew Drive",East Coast,OCR,1
FENGSHAN PRIMARY SCHOOL,16,469680,PRIMARY,Local,,46,"Bedok, Upper East Coast, Eastwood, Kew Drive",East Coast,OCR,1
PING YI SECONDARY SCHOOL,16,468980,SECONDARY,Local,,46,"Bedok, Upper East Coast, Eastwood, Kew Drive",East Coast,OCR,1
RED SWASTIKA SCHOOL,16,469719,PRIMARY,Local,,46,"Bedok, Upper East Coast, Eastwood, Kew Drive",East Coast,OCR,1
ST. ANTHONY'S CANOSSIAN PRIMARY SCHOOL,16,469701,PRIMARY,Local,,46,"Bedok, Upper East Coast, Eastwood, Kew Drive",East Coast,OCR,1
ST. ANTHONY'S CANOSSIAN SECONDARY SCHOOL,16,469700,SECONDARY,Local,,46,"Bedok, Upper East Coast, Eastwood, Kew Drive",East Coast,OCR,1
TEMASEK JUNIOR COLLEGE,16,469278,MIXED LEVELS,Local,,46,"Bedok, Upper East Coast, Eastwood, Kew Drive",East Coast,OCR,1
TEMASEK PRIMARY SCHOOL,16,469300,PRIMARY,Local,,46,"Bedok, Upper East Coast, Eastwood, Kew Drive",East Coast,OCR,1
TEMASEK SECONDARY SCHOOL,16,465561,SECONDARY,Local,,46,"Bedok, Upper East Coast, Eastwood, Kew Drive",East Coast,OCR,1
YU NENG PRIMARY SCHOOL,16,469623,PRIMARY,Local,,46,"Bedok, Upper East Coast, Eastwood, Kew Drive",East Coast,OCR,1
OUTRAM SECONDARY SCHOOL,3,168622,SECONDARY,Local,,16,"Queenstown, Tiong Bahru",Queenstown,RCR,2
ZHANGDE PRIMARY SCHOOL,3,169485,PRIMARY,Local,,16,"Queenstown, Tiong Bahru",Queenstown,RCR,2
NEW TOWN PRIMARY SCHOOL,3,148812,PRIMARY,Local,,14,"Queenstown, Tiong Bahru",Queenstown,RCR,2
QUEENSTOWN PRIMARY SCHOOL,3,149303,PRIMARY,Local,,14,"Queenstown, Tiong Bahru",Queenstown,RCR,2
QUEENSTOWN SECONDARY SCHOOL,3,148800,SECONDARY,Local,,14,"Queenstown, Tiong Bahru",Queenstown,RCR,2
QUEENSWAY SECONDARY SCHOOL,3,149295,SECONDARY,Local,,14,"Queenstown, Tiong Bahru",Queenstown,RCR,2
CHIJ OUR LADY OF GOOD COUNSEL,19,558979,PRIMARY,Local,,55,"Serangoon Garden, Hougang, Punggol",Hougang,OCR,1
NANYANG JUNIOR COLLEGE,19,556111,JUNIOR COLLEGE,Local,,55,"Serangoon Garden, Hougang, Punggol",Hougang,OCR,1
PEICAI SECONDARY SCHOOL,19,556094,SECONDARY,Local,,55,"Serangoon Garden, Hougang, Punggol",Hougang,OCR,1
ROSYTH SCHOOL,19,555855,PRIMARY,Local,,55,"Serangoon Garden, Hougang, Punggol",Hougang,OCR,1
SERANGOON GARDEN SECONDARY SCHOOL,19,555889,SECONDARY,Local,,55,"Serangoon Garden, Hougang, Punggol",Hougang,OCR,1
ST. GABRIEL'S PRIMARY SCHOOL,19,556742,PRIMARY,Local,,55,"Serangoon Garden, Hougang, Punggol",Hougang,OCR,1
ST. GABRIEL'S SECONDARY SCHOOL,19,556140,SECONDARY,Local,,55,"Serangoon Garden, Hougang, Punggol",Hougang,OCR,1
YANGZHENG PRIMARY SCHOOL,19,556108,PRIMARY,Local,,55,"Serangoon Garden, Hougang, Punggol",Hougang,OCR,1
ZHONGHUA PRIMARY SCHOOL,19,556095,PRIMARY,Local,,55,"Serangoon Garden, Hougang, Punggol",Hougang,OCR,1
ZHONGHUA SECONDARY SCHOOL,19,556123,SECONDARY,Local,,55,"Serangoon Garden, Hougang, Punggol",Hougang,OCR,1
BEATTY SECONDARY SCHOOL,12,318990,SECONDARY,Local,,31,"Balestier, Toa Payoh, Serangoon",Toa Payoh,RCR,2
CHIJ PRIMARY (TOA PAYOH),12,319765,PRIMARY,Local,,31,"Balestier, Toa Payoh, Serangoon",Toa Payoh,RCR,2
CHIJ SECONDARY (TOA PAYOH),12,319764,SECONDARY,Local,,31,"Balestier, Toa Payoh, Serangoon",Toa Payoh,RCR,2
FIRST TOA PAYOH PRIMARY SCHOOL,12,319252,PRIMARY,Local,,31,"Balestier, Toa Payoh, Serangoon",Toa Payoh,RCR,2
KHENG CHENG SCHOOL,12,319580,PRIMARY,Local,,31,"Balestier, Toa Payoh, Serangoon",Toa Payoh,RCR,2
PEI CHUN PUBLIC SCHOOL,12,319320,PRIMARY,Local,,31,"Balestier, Toa Payoh, Serangoon",Toa Payoh,RCR,2
RAFFLES GIRLS' SCHOOL (SECONDARY),12,318871,SECONDARY,Local,,31,"Balestier, Toa Payoh, Serangoon",Toa Payoh,RCR,2
CHIJ (KELLOCK),4,99757,PRIMARY,Local,,9,"Telok Blangah, Harbourfront",HarbourFront,RCR,2
CHIJ ST. THERESA'S CONVENT,4,99138,SECONDARY,Local,,9,"Telok Blangah, Harbourfront",HarbourFront,RCR,2
RADIN MAS PRIMARY SCHOOL,4,99840,PRIMARY,Local,,9,"Telok Blangah, Harbourfront",HarbourFront,RCR,2
BROADRICK SECONDARY SCHOOL,14,399935,SECONDARY,Local,,39,"Geylang, Eunos",Eunos,RCR,2
KONG HWA SCHOOL,14,399772,PRIMARY,Local,,39,"Geylang, Eunos",Eunos,RCR,2
CASUARINA PRIMARY SCHOOL,18,518935,PRIMARY,Local,,51,"Tampines, Pasir Ris",Tampines,OCR,1
ELIAS PARK PRIMARY SCHOOL,18,518866,PRIMARY,Local,,51,"Tampines, Pasir Ris",Tampines,OCR,1
HAI SING CATHOLIC SCHOOL,18,519421,SECONDARY,Local,,51,"Tampines, Pasir Ris",Tampines,OCR,1
LOYANG VIEW SECONDARY SCHOOL,18,519073,SECONDARY,Local,,51,"Tampines, Pasir Ris",Tampines,OCR,1
MERIDIAN PRIMARY SCHOOL,18,518798,PRIMARY,Local,,51,"Tampines, Pasir Ris",Tampines,OCR,1
MERIDIAN SECONDARY SCHOOL,18,518901,SECONDARY,Local,,51,"Tampines, Pasir Ris",Tampines,OCR,1
PARK VIEW PRIMARY SCHOOL,18,519524,PRIMARY,Local,,51,"Tampines, Pasir Ris",Tampines,OCR,1
PASIR RIS CREST SECONDARY SCHOOL,18,518934,SECONDARY,Local,,51,"Tampines, Pasir Ris",Tampines,OCR,1
PASIR RIS PRIMARY SCHOOL,18,518968,PRIMARY,Local,,51,"Tampines, Pasir Ris",Tampines,OCR,1
TAMPINES MERIDIAN JUNIOR COLLEGE,18,518799,JUNIOR COLLEGE,Local,,51,"Tampines, Pasir Ris",Tampines,OCR,1
WHITE SANDS PRIMARY SCHOOL,18,519075,PRIMARY,Local,,51,"Tampines, Pasir Ris",Tampines,OCR,1
ASSUMPTION ENGLISH SCHOOL,23,678117,SECONDARY,Local,,67,"Hillview, Dairy Farm, Bukit Panjang, Choa Chu Kang",Choa Chu Kang,OCR,1
ASSUMPTION PATHWAY SCHOOL,23,679697,SECONDARY,Local,,67,"Hillview, Dairy Farm, Bukit Panjang, Choa Chu Kang",Choa Chu Kang,OCR,1
BEACON PRIMARY SCHOOL,23,679944,PRIMARY,Local,,67,"Hillview, Dairy Farm, Bukit Panjang, Choa Chu Kang",Choa Chu Kang,OCR,1
BUKIT PANJANG PRIMARY SCHOOL,23,679676,PRIMARY,Local,,67,"Hillview, Dairy Farm, Bukit Panjang, Choa Chu Kang",Choa Chu Kang,OCR,1
CHIJ OUR LADY QUEEN OF PEACE,23,679287,PRIMARY,Local,,67,"Hillview, Dairy Farm, Bukit Panjang, Choa Chu Kang",Choa Chu Kang,OCR,1
FAJAR SECONDARY SCHOOL,23,678972,SECONDARY,Local,,67,"Hillview, Dairy Farm, Bukit Panjang, Choa Chu Kang",Choa Chu Kang,OCR,1
GREENRIDGE PRIMARY SCHOOL,23,677744,PRIMARY,Local,,67,"Hillview, Dairy Farm, Bukit Panjang, Choa Chu Kang",Choa Chu Kang,OCR,1
GREENRIDGE SECONDARY SCHOOL,23,679938,SECONDARY,Local,,67,"Hillview, Dairy Farm, Bukit Panjang, Choa Chu Kang",Choa Chu Kang,OCR,1
WEST SPRING PRIMARY SCHOOL,23,679946,PRIMARY,Local,,67,"Hillview, Dairy Farm, Bukit Panjang, Choa Chu Kang",Choa Chu Kang,OCR,1
WEST SPRING SECONDARY SCHOOL,23,677737,SECONDARY,Local,,67,"Hillview, Dairy Farm, Bukit Panjang, Choa Chu Kang",Choa Chu Kang,OCR,1
WEST VIEW PRIMARY SCHOOL,23,677742,PRIMARY,Local,,67,"Hillview, Dairy Farm, Bukit Panjang, Choa Chu Kang",Choa Chu Kang,OCR,1
ZHENGHUA PRIMARY SCHOOL,23,679002,PRIMARY,Local,,67,"Hillview, Dairy Farm, Bukit Panjang, Choa Chu Kang",Choa Chu Kang,OCR,1
ZHENGHUA SECONDARY SCHOOL,23,677741,SECONDARY,Local,,67,"Hillview, Dairy Farm, Bukit Panjang, Choa Chu Kang",Choa Chu Kang,OCR,1
CHIJ (KATONG) PRIMARY,15,424821,PRIMARY,Local,,42,"Katong, Joo Chiat, Amber Road",Katong,RCR,2
HAIG GIRLS' SCHOOL,15,427072,PRIMARY,Local,,42,"Katong, Joo Chiat, Amber Road",Katong,RCR,2
ST. PATRICK'S SCHOOL,15,429058,SECONDARY,Local,,42,"Katong, Joo Chiat, Amber Road",Katong,RCR,2
BUKIT TIMAH PRIMARY SCHOOL,21,598112,PRIMARY,Local,,59,"Upper Bukit Timah, Clementi Park, Ulu Pandan",Clementi,OCR,1
METHODIST GIRLS' SCHOOL (PRIMARY),21,599986,PRIMARY,Local,,59,"Upper Bukit Timah, Clementi Park, Ulu Pandan",Clementi,OCR,1
METHODIST GIRLS' SCHOOL (SECONDARY),21,599986,SECONDARY,Local,,59,"Upper Bukit Timah, Clementi Park, Ulu Pandan",Clementi,OCR,1
PEI HWA PRESBYTERIAN PRIMARY SCHOOL,21,597610,PRIMARY,Local,,59,"Upper Bukit Timah, Clementi Park, Ulu Pandan",Clementi,OCR,1
ANDERSON PRIMARY SCHOOL,20,569785,PRIMARY,Local,,56,"Bishan, Ang Mo Kio",Ang Mo Kio,RCR,2
ANDERSON SECONDARY SCHOOL,20,569206,SECONDARY,Local,,56,"Bishan, Ang Mo Kio",Ang Mo Kio,RCR,2
ANDERSON SERANGOON JUNIOR COLLEGE,20,569843,JUNIOR COLLEGE,Local,,56,"Bishan, Ang Mo Kio",Ang Mo Kio,RCR,2
ANG MO KIO PRIMARY SCHOOL,20,569920,PRIMARY,Local,,56,"Bishan, Ang Mo Kio",Ang Mo Kio,RCR,2
ANG MO KIO SECONDARY SCHOOL,20,569362,SECONDARY,Local,,56,"Bishan, Ang Mo Kio",Ang Mo Kio,RCR,2
CHIJ ST. NICHOLAS GIRLS' SCHOOL,20,569405,MIXED LEVELS,Local,,56,"Bishan, Ang Mo Kio",Ang Mo Kio,RCR,2
DEYI SECONDARY SCHOOL,20,569277,SECONDARY,Local,,56,"Bishan, Ang Mo Kio",Ang Mo Kio,RCR,2
JING SHAN PRIMARY SCHOOL,20,569228,PRIMARY,Local,,56,"Bishan, Ang Mo Kio",Ang Mo Kio,RCR,2
MAYFLOWER PRIMARY SCHOOL,20,569948,PRIMARY,Local,,56,"Bishan, Ang Mo Kio",Ang Mo Kio,RCR,2
MAYFLOWER SECONDARY SCHOOL,20,569384,SECONDARY,Local,,56,"Bishan, Ang Mo Kio",Ang Mo Kio,RCR,2
PRESBYTERIAN HIGH SCHOOL,20,569845,SECONDARY,Local,,56,"Bishan, Ang Mo Kio",Ang Mo Kio,RCR,2
TECK GHEE PRIMARY SCHOOL,20,569299,PRIMARY,Local,,56,"Bishan, Ang Mo Kio",Ang Mo Kio,RCR,2
TOWNSVILLE PRIMARY SCHOOL,20,569730,PRIMARY,Local,,56,"Bishan, Ang Mo Kio",Ang Mo Kio,RCR,2
YIO CHU KANG SECONDARY SCHOOL,20,569868,SECONDARY,Local,,56,"Bishan, Ang Mo Kio",Ang Mo Kio,RCR,2
COMMONWEALTH SECONDARY SCHOOL,22,608784,SECONDARY,Local,,60,Jurong,Jurong,OCR,1
CREST SECONDARY SCHOOL,22,609561,SECONDARY,Local,,60,Jurong,Jurong,OCR,1
FUHUA PRIMARY SCHOOL,22,609647,PRIMARY,Local,,60,Jurong,Jurong,OCR,1
JURONG PRIMARY SCHOOL,22,609476,PRIMARY,Local,,60,Jurong,Jurong,OCR,1
JURONGVILLE SECONDARY SCHOOL,22,609790,SECONDARY,Local,,60,Jurong,Jurong,OCR,1
YUHUA PRIMARY SCHOOL,22,609558,PRIMARY,Local,,60,Jurong,Jurong,OCR,1
FERN GREEN PRIMARY SCHOOL,28,797538,PRIMARY,Local,,79,Seletar,Seletar,OCR,1
FERNVALE PRIMARY SCHOOL,28,797701,PRIMARY,Local,,79,Seletar,Seletar,OCR,1
PEI HWA SECONDARY SCHOOL,28,797702,SECONDARY,Local,,79,Seletar,Seletar,OCR,1
SENGKANG GREEN PRIMARY SCHOOL,28,797636,PRIMARY,Local,,79,Seletar,Seletar,OCR,1
CHIJ KATONG CONVENT,15,449150,SECONDARY,Local,,44,"Katong, Joo Chiat, Amber Road",Katong,RCR,2
NGEE ANN PRIMARY SCHOOL,15,449149,PRIMARY,Local,,44,"Katong, Joo Chiat, Amber Road",Katong,RCR,2
TAO NAN SCHOOL,15,449761,PRIMARY,Local,,44,"Katong, Joo Chiat, Amber Road",Katong,RCR,2
VICTORIA JUNIOR COLLEGE,15,449035,JUNIOR COLLEGE,Local,,44,"Katong, Joo Chiat, Amber Road",Katong,RCR,2
VICTORIA SCHOOL,15,448880,SECONDARY,Local,,44,"Katong, Joo Chiat, Amber Road",Katong,RCR,2
ALEXANDRA PRIMARY SCHOOL,3,159016,PRIMARY,Local,,15,"Queenstown, Tiong Bahru",Queenstown,RCR,2
BUKIT MERAH SECONDARY SCHOOL,3,159050,SECONDARY,Local,,15,"Queenstown, Tiong Bahru",Queenstown,RCR,2
GAN ENG SENG PRIMARY SCHOOL,3,158901,PRIMARY,Local,,15,"Queenstown, Tiong Bahru",Queenstown,RCR,2
GAN ENG SENG SCHOOL,3,159561,SECONDARY,Local,,15,"Queenstown, Tiong Bahru",Queenstown,RCR,2
BLANGAH RISE PRIMARY SCHOOL,4,109100,PRIMARY,Local,,10,"Telok Blangah, Harbourfront",HarbourFront,RCR,2
CANBERRA PRIMARY SCHOOL,27,757714,PRIMARY,Local,,75,"Yishun, Sembawang",Yishun,OCR,1
CANBERRA SECONDARY SCHOOL,27,757699,SECONDARY,Local,,75,"Yishun, Sembawang",Yishun,OCR,1
ENDEAVOUR PRIMARY SCHOOL,27,757521,PRIMARY,Local,,75,"Yishun, Sembawang",Yishun,OCR,1
NORTHOAKS PRIMARY SCHOOL,27,757622,PRIMARY,Local,,75,"Yishun, Sembawang",Yishun,OCR,1
SEMBAWANG PRIMARY SCHOOL,27,757715,PRIMARY,Local,,75,"Yishun, Sembawang",Yishun,OCR,1
SEMBAWANG SECONDARY SCHOOL,27,757704,SECONDARY,Local,,75,"Yishun, Sembawang",Yishun,OCR,1
WELLINGTON PRIMARY SCHOOL,27,757702,PRIMARY,Local,,75,"Yishun, Sembawang",Yishun,OCR,1
MARIS STELLA HIGH SCHOOL,13,368051,MIXED LEVELS,Local,,36,"Macpherson, Braddell",MacPherson,RCR,2
EUNOS PRIMARY SCHOOL,14,419529,PRIMARY,Local,,41,"Geylang, Eunos",Eunos,RCR,2
ST. ANDREW'S JUNIOR COLLEGE,13,357691,JUNIOR COLLEGE,Local,,35,"Macpherson, Braddell",MacPherson,RCR,2
ST. ANDREW'S JUNIOR SCHOOL,13,359337,PRIMARY,Local,,35,"Macpherson, Braddell",MacPherson,RCR,2
ST. ANDREW'S SECONDARY SCHOOL,13,359342,SECONDARY,Local,,35,"Macpherson, Braddell",MacPherson,RCR,2
ANGLICAN HIGH SCHOOL,16,487012,SECONDARY,Local,,48,"Bedok, Upper East Coast, Eastwood, Kew Drive",East Coast,OCR,1
CLEMENTI PRIMARY SCHOOL,5,129903,PRIMARY,Local,,12,"Pasir Panjang, Hong Leong Garden, Clementi New Town",Pasir Panjang,RCR,2
CLEMENTI TOWN SECONDARY SCHOOL,5,129904,SECONDARY,Local,,12,"Pasir Panjang, Hong Leong Garden, Clementi New Town",Pasir Panjang,RCR,2
KENT RIDGE SECONDARY SCHOOL,5,127368,SECONDARY,Local,,12,"Pasir Panjang, Hong Leong Garden, Clementi New Town",Pasir Panjang,RCR,2
NAN HUA HIGH SCHOOL,5,129956,SECONDARY,Local,,12,"Pasir Panjang, Hong Leong Garden, Clementi New Town",Pasir Panjang,RCR,2
NAN HUA PRIMARY SCHOOL,5,128806,PRIMARY,Local,,12,"Pasir Panjang, Hong Leong Garden, Clementi New Town",Pasir Panjang,RCR,2
NUS HIGH SCHOOL OF MATHEMATICS AND SCIENCE,5,129957,MIXED LEVELS,Local,,12,"Pasir Panjang, Hong Leong Garden, Clementi New Town",Pasir Panjang,RCR,2
PEI TONG PRIMARY SCHOOL,5,129857,PRIMARY,Local,,12,"Pasir Panjang, Hong Leong Garden, Clementi New Town",Pasir Panjang,RCR,2
QIFA PRIMARY SCHOOL,5,128104,PRIMARY,Local,,12,"Pasir Panjang, Hong Leong Garden, Clementi New Town",Pasir Panjang,RCR,2
TANGLIN SECONDARY SCHOOL,5,127391,SECONDARY,Local,,12,"Pasir Panjang, Hong Leong Garden, Clementi New Town",Pasir Panjang,RCR,2
CEDAR GIRLS' SECONDARY SCHOOL,13,349692,SECONDARY,Local,,34,"Macpherson, Braddell",MacPherson,RCR,2
CEDAR PRIMARY SCHOOL,13,349700,PRIMARY,Local,,34,"Macpherson, Braddell",MacPherson,RCR,2
JURONG SECONDARY SCHOOL,22,618652,SECONDARY,Local,,61,Jurong,Jurong,OCR,1
LAKESIDE PRIMARY SCHOOL,22,618310,PRIMARY,Local,,61,Jurong,Jurong,OCR,1
YUAN CHING SECONDARY SCHOOL,22,618654,SECONDARY,Local,,61,Jurong,Jurong,OCR,1
CANOSSA CATHOLIC PRIMARY SCHOOL,14,387621,PRIMARY,Local,,38,"Geylang, Eunos",Eunos,RCR,2
GEYLANG METHODIST SCHOOL (PRIMARY),14,389706,PRIMARY,Local,,38,"Geylang, Eunos",Eunos,RCR,2
GEYLANG METHODIST SCHOOL (SECONDARY),14,389705,SECONDARY,Local,,38,"Geylang, Eunos",Eunos,RCR,2
ST. MARGARET'S PRIMARY SCHOOL,14,387724,PRIMARY,Local,,38,"Geylang, Eunos",Eunos,RCR,2
CRESCENT GIRLS' SCHOOL,10,247961,SECONDARY,Local,,24,"Ardmore, Bukit Timah, Holland Road, Tanglin",Tanglin,CCR,3
CHUNG CHENG HIGH SCHOOL (MAIN),15,439012,SECONDARY,Local,,43,"Katong, Joo Chiat, Amber Road",Katong,RCR,2
DUNMAN HIGH SCHOOL,15,436895,MIXED LEVELS,Local,,43,"Katong, Joo Chiat, Amber Road",Katong,RCR,2
TANJONG KATONG GIRLS' SCHOOL,15,439272,SECONDARY,Local,,43,"Katong, Joo Chiat, Amber Road",Katong,RCR,2
TANJONG KATONG PRIMARY SCHOOL,15,437259,PRIMARY,Local,,43,"Katong, Joo Chiat, Amber Road",Katong,RCR,2
TANJONG KATONG SECONDARY SCHOOL,15,438796,SECONDARY,Local,,43,"Katong, Joo Chiat, Amber Road",Katong,RCR,2
ST. MARGARET'S SECONDARY SCHOOL,10,259240,SECONDARY,Local,,25,"Ardmore, Bukit Timah, Holland Road, Tanglin",Tanglin,CCR,3
HENRY PARK PRIMARY SCHOOL,10,278790,PRIMARY,Local,,27,"Ardmore, Bukit Timah, Holland Road, Tanglin",Tanglin,CCR,3
ANGLO-CHINESE SCHOOL (JUNIOR),9,227988,PRIMARY,Local,,22,"Orchard, Cairnhill, River Valley",Orchard,CCR,3
"SCHOOL OF THE ARTS, SINGAPORE",9,227968,MIXED LEVELS,Local,,22,"Orchard, Cairnhill, River Valley",Orchard,CCR,3
STAMFORD PRIMARY SCHOOL,7,198423,PRIMARY,Local,,19,"Middle Road, Golden Mile",Rochor,RCR,2
BARTLEY SECONDARY SCHOOL,19,538403,SECONDARY,Local,,53,"Serangoon Garden, Hougang, Punggol",Hougang,OCR,1
CHIJ OUR LADY OF THE NATIVITY,19,534793,PRIMARY,Local,,53,"Serangoon Garden, Hougang, Punggol",Hougang,OCR,1
HOLY INNOCENTS' HIGH SCHOOL,19,534786,SECONDARY,Local,,53,"Serangoon Garden, Hougang, Punggol",Hougang,OCR,1
HOLY INNOCENTS' PRIMARY SCHOOL,19,536451,PRIMARY,Local,,53,"Serangoon Garden, Hougang, Punggol",Hougang,OCR,1
HOUGANG PRIMARY SCHOOL,19,534238,PRIMARY,Local,,53,"Serangoon Garden, Hougang, Punggol",Hougang,OCR,1
HOUGANG SECONDARY SCHOOL,19,534256,SECONDARY,Local,,53,"Serangoon Garden, Hougang, Punggol",Hougang,OCR,1
MONTFORT JUNIOR SCHOOL,19,538786,PRIMARY,Local,,53,"Serangoon Garden, Hougang, Punggol",Hougang,OCR,1
MONTFORT SECONDARY SCHOOL,19,538785,SECONDARY,Local,,53,"Serangoon Garden, Hougang, Punggol",Hougang,OCR,1
PAYA LEBAR METHODIST GIRLS' SCHOOL (PRIMARY),19,536741,PRIMARY,Local,,53,"Serangoon Garden, Hougang, Punggol",Hougang,OCR,1
PAYA LEBAR METHODIST GIRLS' SCHOOL (SECONDARY),19,536742,SECONDARY,Local,,53,"Serangoon Garden, Hougang, Punggol",Hougang,OCR,1
PUNGGOL PRIMARY SCHOOL,19,538787,PRIMARY,Local,,53,"Serangoon Garden, Hougang, Punggol",Hougang,OCR,1
SERANGOON SECONDARY SCHOOL,19,534237,SECONDARY,Local,,53,"Serangoon Garden, Hougang, Punggol",Hougang,OCR,1
XINGHUA PRIMARY SCHOOL,19,538882,PRIMARY,Local,,53,"Serangoon Garden, Hougang, Punggol",Hougang,OCR,1
XINMIN PRIMARY SCHOOL,19,538784,PRIMARY,Local,,53,"Serangoon Garden, Hougang, Punggol",Hougang,OCR,1
XINMIN SECONDARY SCHOOL,19,538789,SECONDARY,Local,,53,"Serangoon Garden, Hougang, Punggol",Hougang,OCR,1
YIO CHU KANG PRIMARY SCHOOL,19,538720,PRIMARY,Local,,53,"Serangoon Garden, Hougang, Punggol",Hougang,OCR,1
YUYING SECONDARY SCHOOL,19,538884,SECONDARY,Local,,53,"Serangoon Garden, Hougang, Punggol",Hougang,OCR,1
NANYANG GIRLS' HIGH SCHOOL,11,288683,SECONDARY,Local,,28,"Watten Estate, Novena, Thomson",Thomson,CCR,3
NATIONAL JUNIOR COLLEGE,11,288913,MIXED LEVELS,Local,,28,"Watten Estate, Novena, Thomson",Thomson,CCR,3
RAFFLES GIRLS' PRIMARY SCHOOL,11,289072,PRIMARY,Local,,28,"Watten Estate, Novena, Thomson",Thomson,CCR,3
BENDEMEER PRIMARY SCHOOL,12,339948,PRIMARY,Local,,33,"Balestier, Toa Payoh, Serangoon",Toa Payoh,RCR,2
BOON LAY GARDEN PRIMARY SCHOOL,22,649930,PRIMARY,Local,,64,Jurong,Jurong,OCR,1
BOON LAY SECONDARY SCHOOL,22,648354,SECONDARY,Local,,64,Jurong,Jurong,OCR,1
CORPORATION PRIMARY SCHOOL,22,648347,PRIMARY,Local,,64,Jurong,Jurong,OCR,1
FRONTIER PRIMARY SCHOOL,22,648200,PRIMARY,Local,,64,Jurong,Jurong,OCR,1
FUHUA SECONDARY SCHOOL,22,649410,SECONDARY,Local,,64,Jurong,Jurong,OCR,1
HUA YI SECONDARY SCHOOL,22,649371,SECONDARY,Local,,64,Jurong,Jurong,OCR,1
JURONG WEST PRIMARY SCHOOL,22,648368,PRIMARY,Local,,64,Jurong,Jurong,OCR,1
JURONG WEST SECONDARY SCHOOL,22,648348,SECONDARY,Local,,64,Jurong,Jurong,OCR,1
JUYING PRIMARY SCHOOL,22,649037,PRIMARY,Local,,64,Jurong,Jurong,OCR,1
JUYING SECONDARY SCHOOL,22,649038,SECONDARY,Local,,64,Jurong,Jurong,OCR,1
PIONEER PRIMARY SCHOOL,22,649076,PRIMARY,Local,,64,Jurong,Jurong,OCR,1
RIVER VALLEY HIGH SCHOOL,22,649961,MIXED LEVELS,Local,,64,Jurong,Jurong,OCR,1
RULANG PRIMARY SCHOOL,22,649295,PRIMARY,Local,,64,Jurong,Jurong,OCR,1
SHUQUN PRIMARY SCHOOL,22,649332,PRIMARY,Local,,64,Jurong,Jurong,OCR,1
WEST GROVE PRIMARY SCHOOL,22,649223,PRIMARY,Local,,64,Jurong,Jurong,OCR,1
WESTWOOD PRIMARY SCHOOL,22,649188,PRIMARY,Local,,64,Jurong,Jurong,OCR,1
WESTWOOD SECONDARY SCHOOL,22,648350,SECONDARY,Local,,64,Jurong,Jurong,OCR,1
XINGNAN PRIMARY SCHOOL,22,649036,PRIMARY,Local,,64,Jurong,Jurong,OCR,1
YUHUA SECONDARY SCHOOL,22,649406,SECONDARY,Local,,64,Jurong,Jurong,OCR,1
BUKIT BATOK SECONDARY SCHOOL,23,658962,SECONDARY,Local,,65,"Hillview, Dairy Farm, Bukit Panjang, Choa Chu Kang",Choa Chu Kang,OCR,1
BUKIT VIEW PRIMARY SCHOOL,23,659634,PRIMARY,Local,,65,"Hillview, Dairy Farm, Bukit Panjang, Choa Chu Kang",Choa Chu Kang,OCR,1
BUKIT VIEW SECONDARY SCHOOL,23,659633,SECONDARY,Local,,65,"Hillview, Dairy Farm, Bukit Panjang, Choa Chu Kang",Choa Chu Kang,OCR,1
DAZHONG PRIMARY SCHOOL,23,659441,PRIMARY,Local,,65,"Hillview, Dairy Farm, Bukit Panjang, Choa Chu Kang",Choa Chu Kang,OCR,1
DUNEARN SECONDARY SCHOOL,23,659204,SECONDARY,Local,,65,"Hillview, Dairy Farm, Bukit Panjang, Choa Chu Kang",Choa Chu Kang,OCR,1
HILLGROVE SECONDARY SCHOOL,23,659250,SECONDARY,Local,,65,"Hillview, Dairy Farm, Bukit Panjang, Choa Chu Kang",Choa Chu Kang,OCR,1
KEMING PRIMARY SCHOOL,23,659762,PRIMARY,Local,,65,"Hillview, Dairy Farm, Bukit Panjang, Choa Chu Kang",Choa Chu Kang,OCR,1
LIANHUA PRIMARY SCHOOL,23,659243,PRIMARY,Local,,65,"Hillview, Dairy Farm, Bukit Panjang, Choa Chu Kang",Choa Chu Kang,OCR,1
MILLENNIA INSTITUTE,23,658965,CENTRALISED INSTITUTE,Local,,65,"Hillview, Dairy Farm, Bukit Panjang, Choa Chu Kang",Choa Chu Kang,OCR,1
PRINCESS ELIZABETH PRIMARY SCHOOL,23,659163,PRIMARY,Local,,65,"Hillview, Dairy Farm, Bukit Panjang, Choa Chu Kang",Choa Chu Kang,OCR,1
ST. ANTHONY'S PRIMARY SCHOOL,23,659401,PRIMARY,Local,,65,"Hillview, Dairy Farm, Bukit Panjang, Choa Chu Kang",Choa Chu Kang,OCR,1
SWISS COTTAGE SECONDARY SCHOOL,23,659322,SECONDARY,Local,,65,"Hillview, Dairy Farm, Bukit Panjang, Choa Chu Kang",Choa Chu Kang,OCR,1
YUSOF ISHAK SECONDARY SCHOOL,23,658712,SECONDARY,Local,,65,"Hillview, Dairy Farm, Bukit Panjang, Choa Chu Kang",Choa Chu Kang,OCR,1
ANCHOR GREEN PRIMARY SCHOOL,19,544969,PRIMARY,Local,,54,"Serangoon Garden, Hougang, Punggol",Hougang,OCR,1
BOWEN SECONDARY SCHOOL,19,547529,SECONDARY,Local,,54,"Serangoon Garden, Hougang, Punggol",Hougang,OCR,1
CHIJ ST. JOSEPH'S CONVENT,19,548595,SECONDARY,Local,,54,"Serangoon Garden, Hougang, Punggol",Hougang,OCR,1
COMPASSVALE PRIMARY SCHOOL,19,545091,PRIMARY,Local,,54,"Serangoon Garden, Hougang, Punggol",Hougang,OCR,1
COMPASSVALE SECONDARY SCHOOL,19,545083,SECONDARY,Local,,54,"Serangoon Garden, Hougang, Punggol",Hougang,OCR,1
NAN CHIAU HIGH SCHOOL,19,545079,SECONDARY,Local,,54,"Serangoon Garden, Hougang, Punggol",Hougang,OCR,1
NAN CHIAU PRIMARY SCHOOL,19,545080,PRIMARY,Local,,54,"Serangoon Garden, Hougang, Punggol",Hougang,OCR,1
NORTH SPRING PRIMARY SCHOOL,19,545088,PRIMARY,Local,,54,"Serangoon Garden, Hougang, Punggol",Hougang,OCR,1
NORTH VISTA PRIMARY SCHOOL,19,544974,PRIMARY,Local,,54,"Serangoon Garden, Hougang, Punggol",Hougang,OCR,1
NORTH VISTA SECONDARY SCHOOL,19,545081,SECONDARY,Local,,54,"Serangoon Garden, Hougang, Punggol",Hougang,OCR,1
PALM VIEW PRIMARY SCHOOL,19,544822,PRIMARY,Local,,54,"Serangoon Garden, Hougang, Punggol",Hougang,OCR,1
RIVERVALE PRIMARY SCHOOL,19,545092,PRIMARY,Local,,54,"Serangoon Garden, Hougang, Punggol",Hougang,OCR,1
SENG KANG PRIMARY SCHOOL,19,545166,PRIMARY,Local,,54,"Serangoon Garden, Hougang, Punggol",Hougang,OCR,1
SENG KANG SECONDARY SCHOOL,19,545090,SECONDARY,Local,,54,"Serangoon Garden, Hougang, Punggol",Hougang,OCR,1
SPRINGDALE PRIMARY SCHOOL,19,544799,PRIMARY,Local,,54,"Serangoon Garden, Hougang, Punggol",Hougang,OCR,1
HWA CHONG INSTITUTION,10,269734,MIXED LEVELS,Local,,26,"Ardmore, Bukit Timah, Holland Road, Tanglin",Tanglin,CCR,3
NANYANG PRIMARY SCHOOL,10,268097,PRIMARY,Local,,26,"Ardmore, Bukit Timah, Holland Road, Tanglin",Tanglin,CCR,3
CANTONMENT PRIMARY SCHOOL,2,88256,PRIMARY,Local,,8,"Anson, Tanjong Pagar",Tanjong Pagar,CCR,3
