Data Series,2021,2020,2019,2018,2017,2016,2015,2014,2013,2012,2011
Central Police Division - Total,180,233,311,230,185,161,208,329,415,446,726
  Unlicensed Moneylending,50,78,102,62,50,59,60,107,136,66,242
  Harassment,130,155,209,168,135,102,148,222,279,380,484
Central Police Division - Bukit Merah East NPC,83,109,168,125,103,85,103,212,268,216,479
  Unlicensed Moneylending,29,48,76,50,36,35,36,78,117,34,193
  Harassment,54,61,92,75,67,50,67,134,151,182,286
Central Police Division - Marina Bay NPC,16,21,30,26,20,15,18,13,18,22,34
  Unlicensed Moneylending,5,6,6,0,3,6,4,5,6,4,18
  Harassment,11,15,24,26,17,9,14,8,12,18,16
Central Police Division - Rochor NPC,81,103,113,79,62,61,87,104,129,208,213
  Unlicensed Moneylending,16,24,20,12,11,18,20,24,13,28,31
  Harassment,65,79,93,67,51,43,67,80,116,180,182
Clementi Police Division - Total,325,395,591,450,391,320,400,566,845,1063,1292
  Unlicensed Moneylending,35,60,47,42,55,61,47,71,135,162,195
  Harassment,290,335,544,408,336,259,353,495,710,901,1097
Clementi Police Division - Bukit Merah West NPC,68,79,109,90,86,61,77,113,182,263,284
  Unlicensed Moneylending,3,9,9,7,7,7,5,11,17,29,40
  Harassment,65,70,100,83,79,54,72,102,165,234,244
Clementi Police Division - Clementi NPC,83,127,192,132,121,107,111,155,232,262,408
  Unlicensed Moneylending,16,36,25,22,32,43,27,40,69,77,83
  Harassment,67,91,167,110,89,64,84,115,163,185,325
Clementi Police Division - Jurong East NPC,72,91,162,108,100,92,137,171,214,263,332
  Unlicensed Moneylending,7,6,7,5,10,5,10,11,18,18,42
  Harassment,65,85,155,103,90,87,127,160,196,245,290
Clementi Police Division - Queenstown NPC,102,98,128,120,84,60,75,127,217,275,268
  Unlicensed Moneylending,9,9,6,8,6,6,5,9,31,38,30
  Harassment,93,89,122,112,78,54,70,118,186,237,238
Tanglin Police Division - Total,325,371,561,546,373,232,273,407,525,695,1356
  Unlicensed Moneylending,37,31,37,29,46,27,33,47,48,74,163
  Harassment,288,340,524,517,327,205,240,360,477,621,1193
Tanglin Police Division - Bishan NPC,36,64,107,96,89,37,60,81,124,138,288
  Unlicensed Moneylending,5,5,8,3,11,0,4,4,13,8,15
  Harassment,31,59,99,93,78,37,56,77,111,130,273
Tanglin Police Division - Bukit Timah NPC,65,53,87,98,44,24,33,32,34,42,117
  Unlicensed Moneylending,4,3,5,1,6,1,2,3,1,5,10
  Harassment,61,50,82,97,38,23,31,29,33,37,107
Tanglin Police Division - Kampong Java NPC,72,75,115,101,62,44,51,72,93,123,273
  Unlicensed Moneylending,19,11,13,14,16,16,10,17,13,16,82
  Harassment,53,64,102,87,46,28,41,55,80,107,191
Tanglin Police Division - Orchard NPC,41,45,50,57,33,15,14,15,9,9,11
  Unlicensed Moneylending,1,2,4,1,3,3,4,7,4,5,5
  Harassment,40,43,46,56,30,12,10,8,5,4,6
Tanglin Police Division - Toa Payoh NPC,111,134,202,194,145,112,115,207,265,383,667
  Unlicensed Moneylending,8,10,7,10,10,7,13,16,17,40,51
  Harassment,103,124,195,184,135,105,102,191,248,343,616
Ang Mo Kio Police Division - Total,639,748,1062,1375,1307,1165,1331,1959,2066,2687,3780
  Unlicensed Moneylending,61,90,118,127,124,99,130,117,284,311,363
  Harassment,578,658,944,1248,1183,1066,1201,1842,1782,2376,3417
Ang Mo Kio Police Division - Ang Mo Kio North NPC,102,129,176,166,163,141,177,269,283,332,627
  Unlicensed Moneylending,19,40,47,37,39,40,51,39,92,74,156
  Harassment,83,89,129,129,124,101,126,230,191,258,471
Ang Mo Kio Police Division - Ang Mo Kio South NPC,73,66,117,90,105,96,100,207,195,346,444
  Unlicensed Moneylending,4,5,5,6,9,2,10,11,23,35,22
  Harassment,69,61,112,84,96,94,90,196,172,311,422
Ang Mo Kio Police Division - Hougang NPC,138,131,219,198,184,171,225,361,506,597,845
  Unlicensed Moneylending,7,9,18,20,23,11,9,13,73,55,55
  Harassment,131,122,201,178,161,160,216,348,433,542,790
Ang Mo Kio Police Division - Punggol NPC,125,146,225,177,159,98,117,118,128,na,na
  Unlicensed Moneylending,13,9,24,8,8,7,6,6,6,na,na
  Harassment,112,137,201,169,151,91,111,112,122,na,na
Ang Mo Kio Police Division - Sembawang NPC,na,na,na,82,83,61,69,72,102,142,180
  Unlicensed Moneylending,na,na,na,3,9,5,12,6,9,17,18
  Harassment,na,na,na,79,74,56,57,66,93,125,162
Ang Mo Kio Police Division - Sengkang NPC,149,201,224,249,205,185,213,284,321,492,602
  Unlicensed Moneylending,14,16,20,20,14,15,12,13,26,45,44
  Harassment,135,185,204,229,191,170,201,271,295,447,558
Ang Mo Kio Police Division - Serangoon NPC,52,75,101,95,68,64,106,153,136,242,394
  Unlicensed Moneylending,4,11,4,4,1,5,5,9,10,16,19
  Harassment,48,64,97,91,67,59,101,144,126,226,375
Ang Mo Kio Police Division - Yishun North NPC,na,na,na,226,237,239,236,338,263,272,332
  Unlicensed Moneylending,na,na,na,18,14,7,20,15,24,36,19
  Harassment,na,na,na,208,223,232,216,323,239,236,313
Ang Mo Kio Police Division - Yishun South NPC,na,na,na,92,103,110,88,157,132,264,356
  Unlicensed Moneylending,na,na,na,11,7,7,5,5,21,33,30
  Harassment,na,na,na,81,96,103,83,152,111,231,326
Bedok Police Division - Total,653,821,1054,940,944,786,937,1224,1916,2336,2942
  Unlicensed Moneylending,140,257,134,157,194,109,85,96,147,150,266
  Harassment,513,564,920,783,750,677,852,1128,1769,2186,2676
Bedok Police Division - Bedok NPC,224,336,379,320,294,246,342,407,596,727,1016
  Unlicensed Moneylending,48,99,56,53,75,38,36,62,67,39,96
  Harassment,176,237,323,267,219,208,306,345,529,688,920
Bedok Police Division - Changi NPC,71,71,113,134,138,84,88,149,268,292,332
  Unlicensed Moneylending,20,18,8,17,18,10,9,8,14,22,22
  Harassment,51,53,105,117,120,74,79,141,254,270,310
Bedok Police Division - Geylang NPC,127,118,181,150,128,109,131,164,204,246,321
  Unlicensed Moneylending,20,36,16,23,26,19,15,13,30,33,30
  Harassment,107,82,165,127,102,90,116,151,174,213,291
Bedok Police Division - Marine Parade NPC,56,82,74,71,75,36,52,56,57,85,91
  Unlicensed Moneylending,6,29,15,7,16,5,6,3,5,7,12
  Harassment,50,53,59,64,59,31,46,53,52,78,79
Bedok Police Division - Pasir Ris NPC,104,116,197,143,113,102,106,155,273,390,454
  Unlicensed Moneylending,16,28,21,21,21,14,5,4,8,17,16
  Harassment,88,88,176,122,92,88,101,151,265,373,438
Bedok Police Division - Tampines NPC,71,98,110,122,196,209,218,293,518,596,728
  Unlicensed Moneylending,30,47,18,36,38,23,14,6,23,32,90
  Harassment,41,51,92,86,158,186,204,287,495,564,638
Jurong Police Division - Total,914,931,1242,1503,1226,1274,1720,2062,2519,2712,3229
  Unlicensed Moneylending,382,331,201,144,143,196,273,347,490,262,324
  Harassment,532,600,1041,1359,1083,1078,1447,1715,2029,2450,2905
Jurong Police Division - Bukit Batok NPC,111,139,226,180,163,156,271,293,330,322,445
  Unlicensed Moneylending,10,14,41,14,29,39,76,76,30,34,33
  Harassment,101,125,185,166,134,117,195,217,300,288,412
Jurong Police Division - Bukit Panjang NPC,98,117,189,220,138,162,232,264,254,375,335
  Unlicensed Moneylending,12,13,21,23,17,19,47,72,23,22,20
  Harassment,86,104,168,197,121,143,185,192,231,353,315
Jurong Police Division - Choa Chu Kang NPC,131,186,290,224,195,189,247,301,369,449,421
  Unlicensed Moneylending,11,22,25,16,19,15,20,25,35,30,33
  Harassment,120,164,265,208,176,174,227,276,334,419,388
Jurong Police Division - Jurong West NPC,135,112,246,219,199,207,282,309,330,354,489
  Unlicensed Moneylending,15,8,41,18,22,11,22,23,21,30,38
  Harassment,120,104,205,201,177,196,260,286,309,324,451
Jurong Police Division - Nanyang NPC,439,377,291,278,193,213,274,350,596,424,555
  Unlicensed Moneylending,334,274,73,42,28,76,74,103,327,77,125
  Harassment,105,103,218,236,165,137,200,247,269,347,430
Jurong Police Division - Woodlands NPC,na,na,na,na,na,na,na,na,na,na,984
  Unlicensed Moneylending,na,na,na,na,na,na,na,na,na,na,75
  Harassment,na,na,na,na,na,na,na,na,na,na,909
Jurong Police Division - Woodlands East NPC,na,na,na,244,209,208,251,381,396,501,na
  Unlicensed Moneylending,na,na,na,20,21,23,23,164,35,43,na
  Harassment,na,na,na,224,188,185,228,29,361,458,na
Jurong Police Division - Woodlands West NPC,na,na,na,138,129,139,163,19,244,287,na
  Unlicensed Moneylending,na,na,na,11,7,13,11,352,19,26,na
  Harassment,na,na,na,127,122,126,152,145,225,261,na
Woodlands Police Division - Total,638,864,1206,126,na,na,na,na,na,na,na
  Unlicensed Moneylending,144,180,110,2,na,na,na,na,na,na,na
  Harassment,494,684,1096,124,na,na,na,na,na,na,na
Woodlands Police Division - Woodlands East NPC,140,194,298,33,na,na,na,na,na,na,na
  Unlicensed Moneylending,13,12,14,1,na,na,na,na,na,na,na
  Harassment,127,182,284,32,na,na,na,na,na,na,na
Woodlands Police Division - Woodlands West NPC,198,267,253,17,na,na,na,na,na,na,na
  Unlicensed Moneylending,105,142,66,0,na,na,na,na,na,na,na
  Harassment,93,125,187,17,na,na,na,na,na,na,na
Woodlands Police Division - Yishun North NPC,152,192,307,37,na,na,na,na,na,na,na
  Unlicensed Moneylending,12,8,16,1,na,na,na,na,na,na,na
  Harassment,140,184,291,36,na,na,na,na,na,na,na
Woodlands Police Division - Yishun South NPC,58,76,148,19,na,na,na,na,na,na,na
  Unlicensed Moneylending,6,5,6,0,na,na,na,na,na,na,na
  Harassment,52,71,142,19,na,na,na,na,na,na,na
Woodlands Police Division - Sembawang NPC,90,135,200,20,na,na,na,na,na,na,na
  Unlicensed Moneylending,8,13,8,0,na,na,na,na,na,na,na
  Harassment,82,122,192,20,na,na,na,na,na,na,na
